model,accuracy,precision,recall,f1
Random Forest,1.0,1.0,1.0,1.0
Decision Tree,0.9705882352941176,0.9710174064658154,0.9705882352941176,0.9704440964649744
